stamp,test,channel,gains,rate_hz,csv,joint,kp,kd,n,fs,rms_error,max_error,mean_error,chatter_dq,chatter_tau,peak_freq,rms_tau,max_tau,tau_headroom
20260904_161510,hold,arm_sdk,official_arm_sdk,250.0,hold_official_arm_sdk_20260904_161510.csv,L_shoulder_pitch,120.0,2.0,1845,244.61824755769905,4.115016620737284e-05,8.535385131835938e-05,-3.923297251466167e-05,0.010780532249142029,0.008944388884853053,22.80451955551449,0.1767314258409175,0.263671875,0.993408203125
20260904_161510,hold,arm_sdk,official_arm_sdk,250.0,hold_official_arm_sdk_20260904_161510.csv,L_shoulder_roll,120.0,2.0,1845,244.61824755769905,1.9920724683100582e-05,5.9664249420166016e-05,-1.635396383642181e-05,0.014103426536781875,0.03793860791724956,9.280909121430316,0.24197784401144184,0.263671875,0.993408203125
20260904_161510,hold,arm_sdk,official_arm_sdk,250.0,hold_official_arm_sdk_20260904_161510.csv,L_shoulder_yaw,80.0,1.5,1845,244.61824755769905,1.6720838355302632e-05,5.364418029785156e-05,-6.536158119759908e-06,0.016291426309825403,0.013289087098389092,94.26751979052793,0.11639199565947939,0.1677911877632141,0.9906782673464881
20260904_161510,hold,arm_sdk,official_arm_sdk,250.0,hold_official_arm_sdk_20260904_161510.csv,L_elbow,50.0,1.0,1845,244.61824755769905,9.090487320609941e-06,2.574920654296875e-05,-3.2259519830305725e-06,0.009999432951199774,0.039242602649895035,97.84729902307961,0.24024134619570095,0.263671875,0.9853515625
20260904_161510,hold,arm_sdk,official_arm_sdk,250.0,hold_official_arm_sdk_20260904_161510.csv,L_wrist_roll,50.0,1.0,1845,244.61824755769905,1.289535335142633e-05,3.62396240234375e-05,5.942760767329353e-06,0.007239234445835803,0.022349703221234835,39.51015597408906,0.05730436851066858,0.0625,0.9967105263157895
20260904_161510,hold,arm_sdk,official_arm_sdk,250.0,hold_official_arm_sdk_20260904_161510.csv,L_wrist_pitch,50.0,1.0,1845,244.61824755769905,1.133677950396639e-05,3.62396240234375e-05,4.2083140634262785e-06,0.005672822536471309,0.0275446821410662,58.20455863297013,0.051956145516296424,0.0625,0.9967105263157895
20260904_161510,hold,arm_sdk,official_arm_sdk,250.0,hold_official_arm_sdk_20260904_161510.csv,L_wrist_yaw,50.0,1.0,1845,244.61824755769905,1.3260627948236778e-05,3.600120544433594e-05,8.87485700571117e-06,0.008117920319530299,0.014333146638911914,9.280909121430316,0.060503337048777237,0.0625,0.9967105263157895
20260904_161510,hold,arm_sdk,official_arm_sdk,250.0,hold_official_arm_sdk_20260904_161510.csv,R_shoulder_pitch,120.0,2.0,1845,244.61824755769905,5.967562411252558e-06,2.574920654296875e-05,1.8953307857358358e-06,0.008606506633388564,0.03899642563459678,20.418000067146696,0.21106449429205804,0.263671875,0.993408203125
20260904_161510,hold,arm_sdk,official_arm_sdk,250.0,hold_official_arm_sdk_20260904_161510.csv,R_shoulder_roll,120.0,2.0,1845,244.61824755769905,8.916405326652956e-06,2.5510787963867188e-05,-2.1683814402841294e-07,0.007420498753213003,0.03822829537656448,12.065181857859411,0.2044135300514673,0.263671875,0.993408203125
20260904_161510,hold,arm_sdk,official_arm_sdk,250.0,hold_official_arm_sdk_20260904_161510.csv,R_shoulder_yaw,80.0,1.5,1845,244.61824755769905,1.5566597753387874e-05,5.340576171875e-05,8.075993235518293e-06,0.013372242300256276,0.007894768701314218,116.80687051400155,0.1134411484771755,0.1677911877632141,0.9906782673464881
20260904_161510,hold,arm_sdk,official_arm_sdk,250.0,hold_official_arm_sdk_20260904_161510.csv,R_elbow,50.0,1.0,1845,244.61824755769905,1.1613797077299297e-05,4.291534423828125e-05,9.58326386242378e-06,0.0066828210178067225,0.03151716565165514,88.168636653588,0.19822640558426005,0.263671875,0.9853515625
20260904_161510,hold,arm_sdk,official_arm_sdk,250.0,hold_official_arm_sdk_20260904_161510.csv,R_wrist_roll,50.0,1.0,1845,244.61824755769905,1.1614261313448936e-05,3.600120544433594e-05,-4.763977960519352e-06,0.008979425262562034,0.01436438061697685,22.671935139494057,0.06045082437834641,0.0625,0.9967105263157895
20260904_161510,hold,arm_sdk,official_arm_sdk,250.0,hold_official_arm_sdk_20260904_161510.csv,R_wrist_pitch,50.0,1.0,1845,244.61824755769905,8.584318372298693e-06,3.600120544433594e-05,-5.671002354402206e-07,0.008617954284665106,0.025442827810500206,12.728103937961576,0.05500446520430795,0.0625,0.9967105263157895
20260904_161510,hold,arm_sdk,official_arm_sdk,250.0,hold_official_arm_sdk_20260904_161510.csv,R_wrist_yaw,50.0,1.0,1845,244.61824755769905,1.0376553648732549e-05,3.600120544433594e-05,-6.810242567605119e-06,0.00525275097692828,0.024854454816892767,13.39102601806374,0.05515821662987862,0.0625,0.9967105263157895
20260904_161534,hold,arm_sdk,official_arm_sdk,250.0,hold_official_arm_sdk_20260904_161534.csv,L_shoulder_pitch,120.0,2.0,2364,247.37525138103828,1.4480101745325693e-05,5.14984130859375e-05,8.021917843374907e-06,0.009794656720911352,0.006297918483846527,70.63379639687007,0.17662504193860087,0.263671875,0.993408203125
20260904_161534,hold,arm_sdk,official_arm_sdk,250.0,hold_official_arm_sdk_20260904_161534.csv,L_shoulder_roll,120.0,2.0,2364,247.37525138103828,1.2741856531116521e-05,5.1140785217285156e-05,-5.902246573653116e-06,0.014790601947796406,0.035706588482182444,67.18058857302309,0.2442092721541428,0.263671875,0.993408203125
20260904_161534,hold,arm_sdk,official_arm_sdk,250.0,hold_official_arm_sdk_20260904_161534.csv,L_shoulder_yaw,80.0,1.5,2364,247.37525138103828,1.9810935700870354e-05,6.699562072753906e-05,-1.0950512894115674e-05,0.0167252824090174,0.009599755529431327,23.021385492313204,0.11431802582826853,0.1677911877632141,0.9906782673464881
20260904_161534,hold,arm_sdk,official_arm_sdk,250.0,hold_official_arm_sdk_20260904_161534.csv,L_elbow,50.0,1.0,2364,247.37525138103828,9.273958427598862e-06,2.574920654296875e-05,-4.368586790339797e-06,0.009356872116413065,0.03649182134876538,121.17620181863042,0.24400848065570963,0.263671875,0.9853515625
20260904_161534,hold,arm_sdk,official_arm_sdk,250.0,hold_official_arm_sdk_20260904_161534.csv,L_wrist_roll,50.0,1.0,2364,247.37525138103828,1.4113353452798595e-05,3.62396240234375e-05,7.330261914661492e-06,0.007718607054041288,0.02334912333019627,14.545329924688797,0.056967481893022184,0.0625,0.9967105263157895
20260904_161534,hold,arm_sdk,official_arm_sdk,250.0,hold_official_arm_sdk_20260904_161534.csv,L_wrist_pitch,50.0,1.0,2364,247.37525138103828,2.0800080293529283e-05,4.8160552978515625e-05,1.830195412417959e-05,0.005582851724975657,0.028262228694015953,20.719246943081885,0.05120881717881006,0.0625,0.9967105263157895
20260904_161534,hold,arm_sdk,official_arm_sdk,250.0,hold_official_arm_sdk_20260904_161534.csv,L_wrist_yaw,50.0,1.0,2364,247.37525138103828,1.2359354008798355e-05,3.600120544433594e-05,6.751058065346655e-06,0.00829842190155073,0.013725759857143931,12.661762020772263,0.06048463852468599,0.0625,0.9967105263157895
20260904_161534,hold,arm_sdk,official_arm_sdk,250.0,hold_official_arm_sdk_20260904_161534.csv,R_shoulder_pitch,120.0,2.0,2364,247.37525138103828,8.213698467266054e-06,4.2438507080078125e-05,-5.813923785730869e-06,0.008306823670930932,0.038624343704949736,48.34490953385773,0.21201417597138916,0.263671875,0.993408203125
20260904_161534,hold,arm_sdk,official_arm_sdk,250.0,hold_official_arm_sdk_20260904_161534.csv,R_shoulder_roll,120.0,2.0,2364,247.37525138103828,1.0536767467602623e-05,3.409385681152344e-05,-5.030591677489821e-06,0.008158032797149294,0.03917709665475971,52.2166880030195,0.20650982160744985,0.263671875,0.993408203125
20260904_161534,hold,arm_sdk,official_arm_sdk,250.0,hold_official_arm_sdk_20260904_161534.csv,R_shoulder_yaw,80.0,1.5,2364,247.37525138103828,3.4316674512903974e-05,8.0108642578125e-05,-3.132824163549846e-05,0.014204250933396088,0.007792011229662377,47.19384025924207,0.11332985142402206,0.1677911877632141,0.9906782673464881
20260904_161534,hold,arm_sdk,official_arm_sdk,250.0,hold_official_arm_sdk_20260904_161534.csv,R_elbow,50.0,1.0,2364,247.37525138103828,9.042755228403723e-06,2.574920654296875e-05,-6.201303549829473e-06,0.006567730787819929,0.032341425576992246,89.26019011337802,0.19457434572958462,0.263671875,0.9853515625
20260904_161534,hold,arm_sdk,official_arm_sdk,250.0,hold_official_arm_sdk_20260904_161534.csv,R_wrist_roll,50.0,1.0,2364,247.37525138103828,1.5761289415851904e-05,4.792213439941406e-05,1.1063670950694334e-05,0.009337549339829191,0.014716254050034057,23.75388412161408,0.06019710380995583,0.0625,0.9967105263157895
20260904_161534,hold,arm_sdk,official_arm_sdk,250.0,hold_official_arm_sdk_20260904_161534.csv,R_wrist_pitch,50.0,1.0,2364,247.37525138103828,9.036196547637338e-06,3.600120544433594e-05,-2.129882725362245e-06,0.008872119611956237,0.023691702933259,12.766404682100958,0.05566175780305441,0.0625,0.9967105263157895
20260904_161534,hold,arm_sdk,official_arm_sdk,250.0,hold_official_arm_sdk_20260904_161534.csv,R_wrist_yaw,50.0,1.0,2364,247.37525138103828,8.604332482988684e-06,3.600120544433594e-05,-3.912424678124752e-06,0.005233805451565074,0.02534481903757637,11.30140742349921,0.0551847334068439,0.0625,0.9967105263157895
20260904_161553,step,arm_sdk,official_arm_sdk,250.0,step_L_wrist_yaw_kp50_kd1.0_20260904_161553.csv,L_wrist_yaw,50.0,1.0,699,249.32150207224367,0.09999214565032248,0.10002396106719971,-0.09999214514812856,0.007900822637971426,0.014007640917057581,44.228707091499594,0.06073141461410267,0.0625,0.9967105263157895,0.1,,0,0.09999403476715088,nan,0.0,0.0,0.0999915097440992,0.0625,0
20260904_162432,hold,lowcmd,official_arm_sdk,250.0,hold_official_arm_sdk_20260904_162432.csv,L_shoulder_pitch,120.0,2.0,2334,244.30990474499475,0.00022478776127899666,0.00026416778564453125,-0.00022438579680272015,0.00938867317165828,0.03662882089012071,69.08506303843039,0.25949020792673183,0.3515625,0.9912109375
20260904_162432,hold,lowcmd,official_arm_sdk,250.0,hold_official_arm_sdk_20260904_162432.csv,L_shoulder_roll,120.0,2.0,2334,244.30990474499475,1.544003159701222e-05,5.1140785217285156e-05,1.1339170767286443e-05,0.012384818603982321,0.0422925798477968,35.065903208900274,0.31128300714062607,0.439453125,0.989013671875
20260904_162432,hold,lowcmd,official_arm_sdk,250.0,hold_official_arm_sdk_20260904_162432.csv,L_shoulder_yaw,80.0,1.5,2334,244.30990474499475,3.684469213867076e-05,9.369850158691406e-05,-3.200743886887159e-05,0.016912076491617134,0.028649717518661653,111.0594725511737,0.20583701225795023,0.2796519994735718,0.9844637778070238
20260904_162432,hold,lowcmd,official_arm_sdk,250.0,hold_official_arm_sdk_20260904_162432.csv,L_elbow,50.0,1.0,2334,244.30990474499475,1.8443555904567532e-05,5.9604644775390625e-05,-1.6573462204332522e-05,0.007791777416536556,0.027578269379426333,15.49180201467833,0.2555963810766764,0.3515625,0.98046875
20260904_162432,hold,lowcmd,official_arm_sdk,250.0,hold_official_arm_sdk_20260904_162432.csv,L_wrist_roll,50.0,1.0,2334,244.30990474499475,4.388100957205874e-05,0.00011968612670898438,-3.77193718969873e-05,0.007086939004230028,0.029841944655604784,102.79019985414945,0.0859791784692579,0.125,0.993421052631579
20260904_162432,hold,lowcmd,official_arm_sdk,250.0,hold_official_arm_sdk_20260904_162432.csv,L_wrist_pitch,50.0,1.0,2334,244.30990474499475,2.6144173461852537e-05,8.392333984375e-05,-1.9028131636984856e-05,0.00729702045833029,0.03246667369204363,95.67234487443238,0.09395062081578254,0.1875,0.9901315789473685
20260904_162432,hold,lowcmd,official_arm_sdk,250.0,hold_official_arm_sdk_20260904_162432.csv,L_wrist_yaw,50.0,1.0,2334,244.30990474499475,1.1589454608297723e-05,4.792213439941406e-05,-6.129523067261893e-06,0.007042071626118197,0.0282454110260622,8.897318724646338,0.0896666802050174,0.125,0.993421052631579
20260904_162432,hold,lowcmd,official_arm_sdk,250.0,hold_official_arm_sdk_20260904_162432.csv,R_shoulder_pitch,120.0,2.0,2334,244.30990474499475,7.67365043759735e-06,3.409385681152344e-05,1.0617492335825367e-06,0.008596307400988778,0.02958374894383215,31.192952705230688,0.2736805911523729,0.3515625,0.9912109375
20260904_162432,hold,lowcmd,official_arm_sdk,250.0,hold_official_arm_sdk_20260904_162432.csv,R_shoulder_roll,120.0,2.0,2334,244.30990474499475,0.0003819853041023999,0.00040912628173828125,-0.0003818889510049305,0.0073484982915939965,0.026358746303045168,9.211341738457385,0.25943918492905493,0.3515625,0.9912109375
20260904_162432,hold,lowcmd,official_arm_sdk,250.0,hold_official_arm_sdk_20260904_162432.csv,R_shoulder_yaw,80.0,1.5,2334,244.30990474499475,1.2429035717151985e-05,4.0531158447265625e-05,-2.6201527651906934e-06,0.011777763943176131,0.018936777838346942,10.467433793701574,0.1745332123133728,0.22372159361839294,0.987571022576756
20260904_162432,hold,lowcmd,official_arm_sdk,250.0,hold_official_arm_sdk_20260904_162432.csv,R_elbow,50.0,1.0,2334,244.30990474499475,6.598753841880726e-05,0.00010204315185546875,6.526029304040224e-05,0.007788181279706124,0.03723152999757039,24.598469415198696,0.25211534667287494,0.3515625,0.98046875
20260904_162432,hold,lowcmd,official_arm_sdk,250.0,hold_official_arm_sdk_20260904_162432.csv,R_wrist_roll,50.0,1.0,2334,244.30990474499475,1.4708253814407003e-05,4.792213439941406e-05,5.70825562072597e-06,0.008004688780626127,0.023710222032427362,33.077090788096974,0.1297821323802921,0.1875,0.9901315789473685
20260904_162432,hold,lowcmd,official_arm_sdk,250.0,hold_official_arm_sdk_20260904_162432.csv,R_wrist_pitch,50.0,1.0,2334,244.30990474499475,6.683859091952329e-05,0.0001437664031982422,6.051536493048059e-05,0.009971635167508942,0.030486001906378013,13.293640918000998,0.09620378457336394,0.1875,0.9901315789473685
20260904_162432,hold,lowcmd,official_arm_sdk,250.0,hold_official_arm_sdk_20260904_162432.csv,R_wrist_yaw,50.0,1.0,2334,244.30990474499475,7.853110389900024e-05,0.0001437664031982422,7.541974385579427e-05,0.005696205586490619,0.026512418635676747,106.34912734400798,0.14605504018811896,0.1875,0.9901315789473685
20260904_162450,step,lowcmd,official_arm_sdk,250.0,step_L_wrist_yaw_kp50_kd1.0_20260904_162450.csv,L_wrist_yaw,50.0,1.0,706,250.2404533007027,0.022403249638987106,0.10002396106719971,-0.007997648371515467,0.008119073430884145,0.005722307698956412,8.152309385150371,0.1701582593214254,2.75,0.8552631578947368,0.1,,0,0.09999567481779284,0.048182500000621076,0.0,0.19449978500051657,0.0028489673641366106,2.75,0
20260904_162510,step,lowcmd,official_arm_sdk,250.0,step_L_elbow_kp50_kd1.0_official_arm_sdk_20260904_162510.csv,L_elbow,50.0,1.0,699,249.65823415170667,0.06405645234075767,0.15001692771911612,-0.06326334172905079,0.00777720444510584,0.02670356605771518,28.573188457992185,2.687030474419014,6.328125,0.6484375,0.15,,0,0.15000240725855662,nan,0.0,0.1054338510002708,0.06166192804064052,6.328125,0
20260904_162519,step,lowcmd,xr_teleoperate,250.0,step_L_elbow_kp140_kd3.0_xr_teleoperate_20260904_162519.csv,L_elbow,140.0,3.0,695,246.26580969498912,0.03244605573876866,0.15003409385681143,-0.02939589864058451,0.0077280133018734895,0.02820864004459859,42.875054637544864,3.55531843818035,15.8203125,0.12109375,0.15,,0,0.15002612331049225,nan,0.0,0.0860708700001851,0.027377002359294078,15.8203125,0
20260904_162625,tune_smooth_step,lowcmd,sweep,250.0,,L_elbow,50.0,2.0,657,249.21978337126288,0.08800934255998463,0.09112062454223624,-0.08646958395568316,0.007019190334409216,0.02999050408472372,9.86257894619914,3.992726244564869,4.482421875,0.7509765625,0.15,88.71126159342555,0
20260904_162625,tune_smooth_step,lowcmd,sweep,250.0,,L_elbow,80.0,2.0,652,247.5081384382651,0.056394047058158606,0.07915626964720923,-0.05506521950716474,0.013166022794851812,0.034994032044113804,8.731115313006285,3.973264480621008,4.306640625,0.7607421875,0.15,57.71064933764379,0
20260904_162625,tune_smooth_step,lowcmd,sweep,250.0,,L_elbow,110.0,2.0,643,247.28064235418836,0.04113952698637013,0.05418032286107066,-0.040646009595980616,0.012044752786430676,0.040983477269813974,24.997265556799753,4.063287232699959,4.5703125,0.74609375,0.15,42.344002265013195,0
20260904_162625,tune_smooth_step,lowcmd,sweep,250.0,,L_elbow,140.0,2.0,647,248.67969080734542,0.033447604085421724,0.04563536297991844,-0.032825418727493595,0.01516513137439289,0.04615451527381308,8.455878203650077,4.2525668036599455,5.09765625,0.716796875,0.15,34.96411722286101,0
20260904_162736,tune_smooth_step,lowcmd,sweep,250.0,,L_elbow,140.0,2.0,633,239.27515794876953,0.03852259833849116,0.04504227424898066,-0.03805689020950872,0.011686293893005184,0.034668551387612156,15.49807500142109,5.005571641835222,5.44921875,0.697265625,0.15,39.69122772779168,0
20260904_162736,tune_smooth_step,lowcmd,sweep,250.0,,L_elbow,180.0,2.0,636,241.50260936753818,0.03141063828733834,0.08212074962801474,-0.028918721532170434,0.009490893482902968,0.04021881862896583,8.35386384604692,4.135001612238653,5.2734375,0.70703125,0.15,32.35972763562863,0
20260904_162736,tune_smooth_step,lowcmd,sweep,250.0,,L_elbow,220.0,2.0,607,232.9023325909261,0.02406052560246685,0.03520302658529917,-0.02378092568242633,0.009020841980882655,0.05997472424254645,17.26623552980507,4.784968882787158,5.2734375,0.70703125,0.15,24.962609800555114,0
20260904_162736,tune_smooth_step,lowcmd,sweep,250.0,,L_elbow,260.0,2.0,660,249.0380665655064,0.025141567260633848,0.05654686542786802,-0.02411905159356225,0.009072860927353696,0.03867727602806649,15.470546559372364,5.251336410652521,5.712890625,0.6826171875,0.15,26.048853353369218,0
20260904_162854,smooth_step,lowcmd,official_arm_sdk,250.0,smooth_step_L_elbow_kp140_kd2.0_dir_20260904_162854.csv,L_elbow,140.0,2.0,658,249.92355277874483,0.021114360695721836,0.043494413553466726,-0.020499814961063213,0.011694670140733693,0.04738659016839912,26.58761199773881,2.3478084778178907,3.515625,0.8046875,0.15,,0,0.1480615234375,nan,0.0,0.2982443780001631,0.019708460388761395,3.515625,0
20260904_162903,smooth_step,lowcmd,official_arm_sdk,250.0,smooth_step_L_elbow_kp140_kd2.0_dir_20260904_162903.csv,L_elbow,140.0,2.0,644,247.38538920781323,0.009174271462543498,0.026581200991305787,0.00841487067360725,0.009200309142271008,0.041672628095374954,12.67658050288484,1.40561012258065,2.724609375,0.8486328125,-0.15,,0,-0.15072000996541157,0.1686397150006087,0.0,0.39229144099954283,-0.007914505078810974,2.724609375,0
20260904_162944,tune_sine,lowcmd,sweep,250.0,,L_elbow,140.0,1.0,2421,247.04953353858366,0.04058187328602646,0.09233329798239898,-0.009372828862177565,0.13900333922811325,0.2447165174091084,11.735107954125207,2.8846859234723072,6.6796875,0.62890625,0.15,54.482207208837785,0
20260904_162944,tune_sine,lowcmd,sweep,250.0,,L_elbow,140.0,2.0,2400,244.0464141020592,0.03138631230758769,0.08069381399890996,-0.011725672477417988,0.1069107653297483,0.25824559677228404,9.253426534703078,2.69547808594624,6.85546875,0.619140625,0.15,42.07738884056252,0
20260904_162944,tune_sine,lowcmd,sweep,250.0,,L_elbow,140.0,3.0,2391,243.00238885208827,0.022009822940090042,0.0544300430289395,0.0003700044126570859,0.09670517689432538,0.28465796246122327,25.00150048415463,1.4930644979086665,5.009765625,0.7216796875,0.15,31.680340629522583,0
20260904_162944,tune_sine,lowcmd,sweep,250.0,,L_elbow,140.0,5.0,2454,249.36828466687908,0.02283499738841904,0.06672973496231882,0.0027496235296220846,0.07893898448661042,0.35625560120037936,25.201032843270585,1.0883248180931644,2.548828125,0.8583984375,0.15,30.72889583708008,0
20260904_163107,tune_sine,lowcmd,sweep,250.0,,L_elbow,140.0,4.0,2407,244.95784438906475,0.023267064887776256,0.06327915825360275,0.0029561084459557465,0.08580577051006716,0.3408713369092053,21.167940021988144,1.1152070103910712,2.63671875,0.853515625,0.15,31.84764193878297,0
20260904_163107,tune_sine,lowcmd,sweep,250.0,,L_elbow,140.0,6.0,2415,246.19576157298087,0.021153669562615968,0.06673310874090932,0.0011774495985857575,0.06703841203405558,0.3905973179198273,25.58804809723321,1.1689626198705312,3.1640625,0.82421875,0.15,27.857510766021527,0
20260904_163107,tune_sine,lowcmd,sweep,250.0,,L_elbow,140.0,8.0,2440,248.5951785047054,0.021160279168874165,0.06497898517687206,0.004543023821969542,0.05539194561654962,0.4149965970203322,25.470817469744404,1.1476982241247338,2.900390625,0.8388671875,0.15,26.699473730529128,0
20260904_163107,tune_sine,lowcmd,sweep,250.0,,L_elbow,140.0,11.0,2451,249.73068245594723,0.03160737433708452,0.07314305121463294,0.0031331510817130567,0.04777396453164129,0.4773615320935949,26.18555095519316,1.164151949745978,2.98828125,0.833984375,0.15,36.38477079024865,0
20260904_163228,sine,lowcmd,official_arm_sdk,250.0,sine_L_elbow_kp140_kd6.0_dqtest_20260904_163228.csv,L_elbow,140.0,6.0,2412,245.25703261056825,0.0358192114413947,0.08922914479526356,0.00042414512143844964,0.06642698124409506,0.38824836954005687,11.896796357975324,1.1173530426501086,2.8125,0.84375,0.15,0.5,0
20260904_163244,sine,lowcmd,official_arm_sdk,250.0,sine_L_elbow_kp140_kd6.0_zerodq_dqtest_20260904_163244.csv,L_elbow,140.0,6.0,2392,243.2350644198655,0.0484917490108953,0.09788172521187732,0.0012523802015311889,0.06682878868814833,0.38708163799510165,25.11666426074698,1.2293554410144198,3.076171875,0.8291015625,0.15,0.5,1
20260904_163305,sweep_smooth_step,lowcmd,xr_teleoperate,250.0,sweep_xr_teleoperate_L_shoulder_pitch_20260904_163305.csv,L_shoulder_pitch,140.0,3.0,652,250.1634189653337,0.024099700957927503,0.0902993228947699,-0.015072892408898976,0.014125025849377661,0.050409221080976875,13.04533166383642,1.7694946776282245,6.943359375,0.826416015625,0.12,0,0.12010475921630859,0.21098659500057693,0.023839960321097697,0.7590041519997612,0.009157076828352359,6.943359375,1
20260904_163305,sweep_smooth_step,lowcmd,xr_teleoperate,250.0,sweep_xr_teleoperate_L_shoulder_roll_20260904_163305.csv,L_shoulder_roll,140.0,3.0,660,249.30190463635572,0.06016055109962396,0.13025316402052217,-0.05667388981645352,0.013514698281981569,0.049173949839646264,9.06552380495839,6.810837804569097,11.42578125,0.71435546875,0.12,0,0.13775266551971432,nan,0.0,1.0202768429990101,0.053334665639059864,11.42578125,0
20260904_163305,sweep_smooth_step,lowcmd,xr_teleoperate,250.0,sweep_xr_teleoperate_L_shoulder_yaw_20260904_163305.csv,L_shoulder_yaw,140.0,3.0,659,249.89144874977944,0.023522087388465198,0.09352420542069129,-0.014803074114169272,0.023423705383321586,0.05714050151017106,19.339095426765933,1.3423100709270344,2.684659004211426,0.8508522775438097,0.12,0,0.11970543006109813,0.18788010800017219,0.0,0.4165196450012445,0.008663335279984918,2.684659004211426,0
20260904_163305,sweep_smooth_step,lowcmd,xr_teleoperate,250.0,sweep_xr_teleoperate_L_elbow_20260904_163305.csv,L_elbow,140.0,3.0,647,248.6597620858835,0.02429448161395357,0.1003729645706346,-0.009185636363960617,0.012658686034566498,0.05041896561991465,13.45145544514053,0.37911204419607203,1.669921875,0.9072265625,0.12,0,0.12095476674251882,0.17137420600010955,0.01077920947889388,0.5580238970014761,0.0012869530457717548,1.669921875,0
20260904_163305,sweep_smooth_step,lowcmd,xr_teleoperate,250.0,sweep_xr_teleoperate_L_wrist_roll_20260904_163305.csv,L_wrist_roll,50.0,2.0,647,245.47981356305618,0.023635042125705576,0.09325747816695618,-0.010731824509528415,0.007007533172484679,0.008774154921895995,11.761783957426186,0.051365154114311945,0.25,0.9868421052631579,0.12,0,0.12110617156856318,0.183718468000734,0.0,0.47948862799967173,0.0030365804525521733,0.25,0
20260904_163305,sweep_smooth_step,lowcmd,xr_teleoperate,250.0,sweep_xr_teleoperate_L_wrist_pitch_20260904_163305.csv,L_wrist_pitch,50.0,2.0,643,245.83893845632608,0.021192268627073952,0.08176618722514442,-0.013959946565198946,0.007034572298771058,0.023789271490945545,36.70379174464588,0.2735660870169864,0.6875,0.9638157894736842,0.12,0,0.12134472656249999,0.19853790200068033,0.0,0.40456437800094136,0.008670300328454311,0.6875,0
20260904_163305,sweep_smooth_step,lowcmd,xr_teleoperate,250.0,sweep_xr_teleoperate_L_wrist_yaw_20260904_163305.csv,L_wrist_yaw,50.0,2.0,636,244.05706452513442,0.014681288574549822,0.02811675292561805,-0.014354861857389297,0.006649304574817907,0.021752067933753876,11.895863207986112,0.5072804269866654,0.8125,0.9572368421052632,0.12,0,0.1205787181854248,nan,0.0,0.31921322400012286,0.013723183311522003,0.8125,0
20260904_163305,sweep_smooth_step,lowcmd,xr_teleoperate,250.0,sweep_xr_teleoperate_R_shoulder_pitch_20260904_163305.csv,R_shoulder_pitch,140.0,3.0,634,240.79070775009092,0.02926644020662412,0.07881970709069544,-0.0262728290417089,0.016083556945711813,0.06071098321014231,14.812046691251648,4.038872606479903,8.7890625,0.7802734375,0.12,0,0.12000132476129839,0.1879681120008172,0.05354528124776614,2.4143404759997793,0.02708224979911264,8.7890625,1
20260904_163305,sweep_smooth_step,lowcmd,xr_teleoperate,250.0,sweep_xr_teleoperate_R_shoulder_roll_20260904_163305.csv,R_shoulder_roll,140.0,3.0,652,248.72084027587877,0.10681368115813213,0.12499213352447368,-0.10541218692104629,0.01006082151178495,0.038740674760205915,8.392420990903886,13.93517301945226,15.029296875,0.624267578125,0.12,0,0.13628813544909157,nan,0.0,0.32569994299956306,0.1091440577179421,15.029296875,0
20260904_163305,sweep_smooth_step,lowcmd,xr_teleoperate,250.0,sweep_xr_teleoperate_R_shoulder_yaw_20260904_163305.csv,R_shoulder_yaw,140.0,3.0,645,245.74544385540045,0.006888329649287259,0.015553702721816498,-0.006688686743847804,0.014542723601133638,0.03283583778839205,20.193036471839108,1.062650219071738,1.4541903734207153,0.9192116459210714,0.12,0,0.11991181182861327,0.16409471699989808,0.0,0.2698630860013509,0.006314868927001949,1.4541903734207153,0
20260904_163305,sweep_smooth_step,lowcmd,xr_teleoperate,250.0,sweep_xr_teleoperate_R_elbow_20260904_163305.csv,R_elbow,140.0,3.0,646,247.1669928130878,0.015431400764960305,0.064845575149449,-0.004614744234216721,0.011195902872441401,0.04802427010517593,19.51318364313851,0.5327805435135473,2.724609375,0.8486328125,0.12,0,0.11968377236397054,0.16385538699978497,0.014094938616025843,0.3824517780012684,-0.0002371157132661228,2.724609375,0
20260904_163305,sweep_smooth_step,lowcmd,xr_teleoperate,250.0,sweep_xr_teleoperate_R_wrist_roll_20260904_163305.csv,R_wrist_roll,50.0,2.0,642,245.82113664695623,0.005779605911450157,0.019653214276788233,-0.004786638961152087,0.008611439010576248,0.028810030859854494,14.933059702852484,0.09002530796818389,0.5,0.9736842105263158,0.12,0,0.11996015502185356,0.20064593399911246,0.0,0.3559562199989159,0.003514430171759536,0.5,0
20260904_163305,sweep_smooth_step,lowcmd,xr_teleoperate,250.0,sweep_xr_teleoperate_R_wrist_pitch_20260904_163305.csv,R_wrist_pitch,50.0,2.0,648,244.7436556387447,0.02393439952962118,0.06416411683231887,-0.021751519228594387,0.01023886618898388,0.025302996000565455,40.79060927312412,1.0374422442276123,1.3125,0.930921052631579,0.12,0,0.11977185393943163,nan,0.0,0.3418371459993068,0.019212716175959654,1.3125,0
20260904_163305,sweep_smooth_step,lowcmd,xr_teleoperate,250.0,sweep_xr_teleoperate_R_wrist_yaw_20260904_163305.csv,R_wrist_yaw,50.0,2.0,650,246.6898197366656,0.006243719028446047,0.030315331771227756,-0.0025405447781811125,0.006578724372096073,0.028419861290111845,8.349501591087144,0.1674540694776194,1.0,0.9473684210526316,0.12,0,0.1173019511759782,0.1875203519994102,0.0,0.3469086660006724,0.0006920949656229677,1.0,0
20260904_163525,gravity_ff,lowcmd,xr_teleoperate,,,L_shoulder_roll,140.0,3.0,,,,,,,,,,,,0.12,4.275,0.03358592212200165,0.008728104829788204,0.030535714285714288
20260904_163707,gravity_ff,lowcmd,xr_teleoperate,,,L_shoulder_roll,140.0,3.0,,,,,,,,,,,,0.12,4.2240234375,0.03290058434009552,0.013075067996978756,0.030171595982142856
20260904_163747,gravity_ff,lowcmd,xr_teleoperate,,,R_shoulder_roll,140.0,3.0,,,,,,,,,,,,-0.12,-4.3435546875,-0.02913402557373047,-0.0022996568679809525,-0.031025390625
20260904_163849,sweep_smooth_step,lowcmd,xr_teleoperate,250.0,sweep_xr_teleoperate_L_shoulder_pitch_20260904_163849.csv,L_shoulder_pitch,140.0,3.0,661,250.1150384224699,0.024699217843183633,0.06760631290778776,0.02130771711017495,0.012151090905250631,0.048196200358322554,9.08133271125458,3.435395233464692,8.0859375,0.7978515625,-0.12,0,-0.12003785856308474,0.1807460069994704,0.09087143440170697,0.7541401199996471,-0.02158716359532864,8.0859375,1
20260904_163849,sweep_smooth_step,lowcmd,xr_teleoperate,250.0,sweep_xr_teleoperate_L_shoulder_roll_20260904_163849.csv,L_shoulder_roll,140.0,3.0,652,248.9981042053993,0.03536174220771602,0.11490288327119269,-0.02361582407077303,0.02169818064804822,0.06957286882163338,10.693170119250276,2.6667566837629844,9.052734375,0.773681640625,0.12,0,0.12415632032578991,0.21579079599905526,0.029445826425907207,0.9190262049996818,0.016754520995016314,9.052734375,0
20260904_163849,sweep_smooth_step,lowcmd,xr_teleoperate,250.0,sweep_xr_teleoperate_L_shoulder_yaw_20260904_163849.csv,L_shoulder_yaw,140.0,3.0,645,247.36919034533005,0.01606549770770519,0.06273134449461876,0.010465280045006305,0.019992009527963338,0.0653258371505496,10.354989363292887,0.7398633904257238,1.7897727489471436,0.9005681806140475,-0.12,0,-0.11932772636413574,0.16962394300026062,0.0,0.34559525700024096,-0.007128029682839571,1.7897727489471436,0
20260904_163849,sweep_smooth_step,lowcmd,xr_teleoperate,250.0,sweep_xr_teleoperate_L_elbow_20260904_163849.csv,L_elbow,140.0,3.0,659,248.73579916676354,0.0189308667552349,0.06357064448873628,0.015511721447804825,0.014955678663014367,0.020245853891651688,22.646658497732645,1.9559134738135495,2.63671875,0.853515625,-0.12,0,-0.11960719299316414,0.1870933280006284,0.0,0.3387646049995965,-0.01252907037734996,2.63671875,0
20260904_163849,sweep_smooth_step,lowcmd,xr_teleoperate,250.0,sweep_xr_teleoperate_L_wrist_roll_20260904_163849.csv,L_wrist_roll,50.0,2.0,660,249.39138605625016,0.0031684002920546682,0.014558901048805362,0.0011974306200029845,0.0069148500068565745,0.0270915851076008,12.46956930281251,0.13426814814415444,0.5,0.9736842105263158,-0.12,0,-0.11953711318969729,0.18404697299956752,0.0010880478857231424,0.32991700300044613,8.366548925414774e-05,0.5,0
20260904_163849,sweep_smooth_step,lowcmd,xr_teleoperate,250.0,sweep_xr_teleoperate_L_wrist_pitch_20260904_163849.csv,L_wrist_pitch,50.0,2.0,652,248.2509299593976,0.015550663940838172,0.05196472591855199,0.012766742739603085,0.005653459313588552,0.028314699348680077,8.757318081389792,0.6293750247500619,1.0625,0.944078947368421,-0.12,0,-0.11945321775251819,0.18800159599959443,0.0,0.3314667039994674,-0.010308744124783817,1.0625,0
20260904_163849,sweep_smooth_step,lowcmd,xr_teleoperate,250.0,sweep_xr_teleoperate_L_wrist_yaw_20260904_163849.csv,L_wrist_yaw,50.0,2.0,635,245.12130267447864,0.010043166941644213,0.027643431023759726,-0.00894686113120527,0.007077508944275295,0.005028376674333486,8.492391588722095,0.25740748280639475,0.6875,0.9638157894736842,0.12,0,0.1237935873693671,0.2075188340004388,0.0,0.3266089810003905,0.0073782965435287146,0.6875,0
20260904_163849,sweep_smooth_step,lowcmd,xr_teleoperate,250.0,sweep_xr_teleoperate_R_shoulder_pitch_20260904_163849.csv,R_shoulder_pitch,140.0,3.0,649,246.11045966098894,0.02469020533237229,0.07821470147846372,0.019852959222968144,0.014046785809749916,0.053379523223580375,14.030950704863777,2.398336847149565,6.591796875,0.835205078125,-0.12,0,-0.12042098952877905,0.18009866400097962,0.06440044323206862,0.8907770599998912,-0.018213628622201772,6.591796875,2
20260904_163849,sweep_smooth_step,lowcmd,xr_teleoperate,250.0,sweep_xr_teleoperate_R_shoulder_roll_20260904_163849.csv,R_shoulder_roll,140.0,3.0,660,248.74858850450863,0.04021015936499629,0.11243817416353549,0.03314345172011432,0.018624103217593172,0.06427151010677844,10.929862222167804,4.419801720440413,9.228515625,0.769287109375,-0.12,0,-0.12192196655273436,0.18692378900050244,0.05850375293575505,2.6536753260006662,-0.024931582902607163,9.228515625,2
20260904_163849,sweep_smooth_step,lowcmd,xr_teleoperate,250.0,sweep_xr_teleoperate_R_shoulder_yaw_20260904_163849.csv,R_shoulder_yaw,140.0,3.0,641,246.37806431181866,0.007120895505420849,0.015372966495595747,0.0069216203591295185,0.011577399491831961,0.03129270035848802,11.915319802911668,0.6653663410653378,1.0067471265792847,0.9440696040789286,-0.12,0,-0.11986985397338867,0.16806509500020184,0.0,0.2628078759989876,-0.006600032333255734,1.0067471265792847,0
20260904_163849,sweep_smooth_step,lowcmd,xr_teleoperate,250.0,sweep_xr_teleoperate_R_elbow_20260904_163849.csv,R_elbow,140.0,3.0,644,246.7244571371497,0.025113868548542116,0.09653707199847417,0.018325703036005052,0.015454713172674411,0.04854116134574465,15.324500443301224,1.5118537918556054,3.251953125,0.8193359375,-0.12,0,-0.12060382581526241,0.1566659679992881,0.0,0.3764058870001463,-0.013028026403382853,3.251953125,0
20260904_163849,sweep_smooth_step,lowcmd,xr_teleoperate,250.0,sweep_xr_teleoperate_R_wrist_roll_20260904_163849.csv,R_wrist_roll,50.0,2.0,634,242.41416224717,0.019693175011415466,0.06892992902769646,-0.014543875687574346,0.006776649731390474,0.03450704700415123,27.52968404068808,0.3578749467672462,0.625,0.9671052631578947,0.12,0,0.11986516940789144,0.23098022699923604,0.0,0.39708774499922583,0.010070312605129444,0.625,0
20260904_163849,sweep_smooth_step,lowcmd,xr_teleoperate,250.0,sweep_xr_teleoperate_R_wrist_pitch_20260904_163849.csv,R_wrist_pitch,50.0,2.0,640,242.16318346129052,0.023087932462219362,0.08533554176519742,0.015047702804477123,0.009272853033460449,0.021433585219366696,13.621679069697592,0.269174356104691,0.6875,0.9638157894736842,-0.12,0,-0.12074277866271232,0.20482403599999088,0.0,0.4185684410003887,-0.008946397359981095,0.6875,0
20260904_163849,sweep_smooth_step,lowcmd,xr_teleoperate,250.0,sweep_xr_teleoperate_R_wrist_yaw_20260904_163849.csv,R_wrist_yaw,50.0,2.0,637,242.7032113327745,0.010079011760460738,0.027621227504161724,-0.009120593870598284,0.007380883362968348,0.009234390685089465,11.811302278361081,0.30003597377197927,1.0,0.9473684210526316,0.12,0,0.12012834541133192,0.2022247980003158,0.0,0.3252588530012872,0.007852363288402553,1.0,0
20260904_172115,smooth_step,arm_sdk,official_arm_sdk,250.0,smooth_step_R_shoulder_roll_kp120_kd2.0_20260904_172115.csv,R_shoulder_roll,120.0,2.0,409,249.86905284636322,0.3738578847814612,0.3836481436091014,0.37270658334426326,0.009813709965542492,0.03168593142814624,20.160583725990186,0.19416062766377587,0.263671875,0.993408203125,-0.12,,0,-0.3836013868647166,nan,0.0,0.0,-0.3835977907682126,0.263671875,0
20260904_172148,smooth_step,arm_sdk,official_arm_sdk,250.0,smooth_step_R_shoulder_roll_kp120_kd2.0_20260904_172148.csv,R_shoulder_roll,120.0,2.0,405,248.69212962922555,0.154773095406811,0.2608025809686297,0.1519261945931785,0.01050609567269144,0.04200120091301494,15.965420667555222,0.21814753812195972,0.263671875,0.993408203125,0.12,,0,-0.1408481252985545,nan,0.0,0.0,-0.14084440881796972,0.263671875,0
20260904_172157,smooth_step,arm_sdk,official_arm_sdk,250.0,smooth_step_R_shoulder_roll_kp120_kd2.0_20260904_172157.csv,R_shoulder_roll,120.0,2.0,403,248.06399289800996,0.5387450174072704,0.5608612688379833,0.5338164414429439,0.011122962074736198,0.041610995963535326,14.77304176067553,0.2203037452559402,0.263671875,0.993408203125,-0.3,,0,-0.560834897835786,nan,0.0,0.0,-0.5608390635322951,0.263671875,0
20260904_172226,smooth_step,arm_sdk,official_arm_sdk,250.0,smooth_step_R_shoulder_roll_kp120_kd2.0_20260904_172226.csv,R_shoulder_roll,120.0,2.0,409,249.90125470432628,0.15462831426978005,0.26086168958114897,0.15180895349902082,0.010380732979415226,0.041806075064783225,32.99429768712376,0.2201452021202609,0.263671875,0.993408203125,0.12,,0,-0.14086202513298413,nan,0.0,0.0,-0.1408595824626676,0.263671875,0
20260904_174359,sweep_smooth_step,arm_sdk,official_arm_sdk,250.0,sweep_official_arm_sdk_L_shoulder_roll_20260904_174359.csv,L_shoulder_roll,120.0,2.0,406,246.90799811647216,0.3325708170185786,0.34246985753350934,-0.3312345879114885,0.015634569987769527,0.038483077183869306,59.59848230397604,0.24419065066292023,0.263671875,0.993408203125,0.12,0,0.34244382890039166,nan,0.0,0.0,0.3424435791540225,0.263671875,0
20260904_174359,sweep_smooth_step,arm_sdk,official_arm_sdk,250.0,sweep_official_arm_sdk_R_shoulder_roll_20260904_174359.csv,R_shoulder_roll,120.0,2.0,410,249.68564790601368,0.3459311364467635,0.35556768019967755,0.3446919701470046,0.006763112709387251,0.017254517157372223,17.051702783825327,0.18132109791575815,0.263671875,0.993408203125,-0.12,0,-0.3555498385426748,nan,0.0,0.0,-0.3555475803504418,0.263671875,0
20260904_174359,sweep_smooth_step,arm_sdk,official_arm_sdk,250.0,sweep_official_arm_sdk_L_elbow_20260904_174359.csv,L_elbow,50.0,1.0,408,249.84086840142731,0.11292460690229814,0.12002551078796397,0.10902648814141495,0.008150539592145508,0.015938655237330193,50.82547077774134,0.1808250692286589,0.263671875,0.9853515625,-0.12,0,-0.119996808267409,nan,0.0,0.0,-0.11999873231096969,0.263671875,0
20260904_175710,hold,lowcmd,xr_teleoperate,250.0,hold_R_shoulder_roll_kp140_kd3.0_20260904_175710.csv,R_shoulder_roll,140.0,3.0,1939,248.35104160666128,0.04346930208052646,0.04356443007760724,0.043468890994426426,0.008549292828293961,0.02627623760224751,20.23695955330195,6.404524980829726,6.50390625,0.83740234375,-0.15,,0
20260904_175821,hold,lowcmd,xr_teleoperate,250.0,hold_R_shoulder_roll_kp140_kd3.0_20260904_175821.csv,R_shoulder_roll,140.0,3.0,1933,246.96662128895707,0.052028339256309314,0.0520517651234762,0.0520283388021377,0.009407448448403808,0.02940626492407811,51.23311698751773,7.547150021799897,7.646484375,0.808837890625,-0.15,,0
20260904_175851,hold,lowcmd,xr_teleoperate,250.0,hold_L_shoulder_roll_kp140_kd3.0_20260904_175851.csv,L_shoulder_roll,140.0,3.0,1941,247.19550598211538,0.04777541066525859,0.04780918717305305,-0.0477754094880203,0.013399998609070991,0.03775994480103026,104.81293221189128,6.303349242396451,6.416015625,0.839599609375,0.15,,0
